問題,選択肢A,選択肢B,選択肢C,選択肢D,解答,ヒント,原型,意味
You can [ ] the cake into many pieces easily.,cuts,cutting,cut,cutted,cut,助動詞「can」の後ろには動詞の原型がきます。,cut,切る
The chef [ ] the vegetables for the soup two hours ago.,cuts,cut,cutting,cutted,cut,文末に「two hours ago（2時間前）」という過去の言葉があります。,cut,切る
The pieces of paper have been [ ] into stars by the children.,cuts,cutting,cut,cutted,cut,受動態「have been + 過去分詞」の形を作ります。,cut,切る
You should not [ ] the dog with that stick.,hits,hitting,hit,hitted,hit,助動詞「should」の後ろには動詞の原型がきます。,hit,打つ
The batter [ ] a home run in the game yesterday.,hits,hit,hitting,hitted,hit,文末に「yesterday（昨日）」という過去の言葉があります。,hit,打つ
The car was [ ] by a falling tree during the storm.,hits,hitting,hit,hitted,hit,受動態「was + 過去分詞」の形を作ります。,hit,打つ
Please [ ] your bags on the shelf over there.,puts,putting,put,putted,put,命令文の冒頭（Pleaseの後ろ）には動詞の原型がきます。,put,置く
Yesterday morning, he [ ] his keys on the kitchen counter.,puts,put,putting,putted,put,冒頭に「Yesterday morning（昨日の朝）」という過去の言葉があります。,put,置く
Where have you [ ] my passport? I can't find it.,puts,putting,put,putted,put,現在完了形「have + 過去分詞」の形を作ります。,put,置く
He wants to [ ] a professional soccer player in the future.,becomes,becoming,became,become,become,不定詞「to」の後ろには動詞の原型がきます。,become,～になる
She studied hard and [ ] a doctor last year.,becomes,became,becoming,becomed,became,文末に「last year（昨年）」という過去の言葉があります。,become,～になる
It has [ ] very cold outside since this morning.,becomes,becoming,became,become,become,現在完了形「has + 過去分詞」の形を作ります。,become,～になる
They will [ ] to Japan from America next week.,comes,came,coming,come,come,助動詞「will」の後ろには動詞の原型がきます。,come,来る
My grandmother [ ] to see us last Sunday.,comes,came,coming,comed,came,文末に「last Sunday（先週の日曜日）」という過去の言葉があります。,come,来る
The package has finally [ ] from the online store.,comes,coming,came,come,come,現在完了形「has + 過去分詞」の形を作ります。,come,来る
I like to [ ] in the park every morning.,runs,running,ran,run,run,不定詞「to」の後ろには動詞の原型がきます。,run,走る
Yesterday, he [ ] five miles to prepare for the race.,runs,ran,running,runned,ran,冒頭に「Yesterday（昨日）」という過去の言葉があります。,run,走る
She has [ ] a full marathon three times before.,runs,running,ran,run,run,現在完了形「has + 過去分詞」の形を作ります。,run,走る
Please remember to [ ] your textbook tomorrow.,brings,bringing,brought,bring,bring,命令文の冒頭（Pleaseの後ろ）には動詞の原型がきます。,bring,持ってくる
He [ ] some delicious cookies to the party yesterday.,brings,brought,bringing,bringed,brought,文末に「yesterday（昨日）」という過去の言葉があります。,bring,持ってくる
Look what the cat has [ ] inside the house!,brings,bringing,brought,bringed,brought,現在完了形「has + 過去分詞」の形を作ります。,bring,持ってくる
They plan to [ ] a new house near the station.,builds,building,built,build,build,不定詞「to」の後ろには動詞の原型がきます。,build,立てる
The ancient Romans [ ] this beautiful bridge long ago.,builds,built,building,builded,built,文末に「long ago（ずっと昔）」という過去の言葉があります。,build,立てる
This school was [ ] in 1990 by a famous architect.,builds,building,built,builded,built,受動態「was + 過去分詞」の形を作ります。,build,立てる
I want to [ ] a new smartphone this weekend.,buys,buying,bought,buy,buy,不定詞「to」の後ろには動詞の原型がきます。,buy,買う
My father [ ] a new car two weeks ago.,buys,bought,buying,buyed,bought,文末に「two weeks ago（2週間前）」という過去の言葉があります。,buy,買う
I have already [ ] the tickets for the concert.,buys,buying,bought,buyed,bought,現在完了形「have + 過去分詞」の形を作ります。,buy,買う
It is difficult to [ ] a ball with one hand.,catches,catching,caught,catch,catch,不定詞「to」の後ろには動詞の原型がきます。,catch,捕らえる
The police officer [ ] the thief after a long chase yesterday.,catches,caught,catching,catched,caught,文末に「yesterday（昨日）」という過去の言葉があります。,catch,捕らえる
The criminal was [ ] by the security cameras last night.,catches,catching,caught,catched,caught,受動態「was + 過去分詞」の形を作ります。,catch,捕らえる
You can [ ] the soft texture of this silk fabric.,feels,feeling,felt,feel,feel,助動詞「can」の後ろには動詞の原型がきます。,feel,感じる
I [ ] very tired after walking all day yesterday.,feels,felt,feeling,feeled,felt,文末に「yesterday（昨日）」という過去の言葉があります。,feel,感じる
He has always [ ] happy living in this quiet town.,feels,feeling,felt,feeled,felt,現在完了形「has + 過去分詞」の形を作ります。,feel,感じる
I need to [ ] my lost wallet as soon as possible.,finds,finding,found,find,find,不定詞「to」の後ろには動詞の原型がきます。,find,見つける
We [ ] a beautiful seashell on the beach yesterday.,finds,found,finding,finded,found,文末に「yesterday（昨日）」という過去の言葉があります。,find,見つける
The missing keys have finally been [ ] under the sofa.,finds,finding,found,finded,found,受動態「have been + 過去分詞」の形を作ります。,find,見つける
We must [ ] for our basic human rights.,fights,fighting,fought,fight,fight,助動詞「must」の後ろには動詞の原型がきます。,fight,戦う
The soldiers [ ] bravely in the battle last night.,fights,fought,fighting,fighted,fought,文末に「last night（昨夜）」という過去の言葉があります。,fight,戦う
The disease has been [ ] by scientists for many years.,fights,fighting,fought,fighted,fought,受動態「have been + 過去分詞」の形を作ります。,fight,戦う
You should [ ] some rest if you feel sick.,gets,getting,got,get,get,助動詞「should」の後ろには動詞の原型がきます。,get,得る
She [ ] an email from her teacher yesterday afternoon.,gets,got,getting,getted,got,文末に「yesterday afternoon（昨日の午後）」という過去の言葉があります。,get,得る
I have [ ] a cold and cannot attend the meeting today.,gets,getting,got,getted,got,現在完了形「have + 過去分詞」の形を作ります。,get,得る
They [ ] a large garden in their house.,has,having,had,have,have,主語が「They」の現在の文では「have」を使います。,have/has,持っている
We [ ] a big party at our house last night.,has,have,had,having,had,文末に「last night（昨夜）」という過去の言葉があります。,have/has,持っている
She has [ ] this camera since she was a high school student.,has,have,had,having,had,現在完了形「has + 過去分詞」の形を作ります。,have/has,持っている
Can you [ ] the sound of the ocean from here?,hears,hearing,heard,hear,hear,助動詞「Can」の後ろには動詞の原型がきます。,hear,聞く
I [ ] a strange noise outside my room last night.,hears,heard,hearing,heared,heard,文末に「last night（昨夜）」という過去の言葉があります。,hear,聞く
Have you [ ] the news about the upcoming festival?,hears,hearing,heard,heared,heard,現在完了形「Have you + 過去分詞」の形を作ります。,hear,聞く
Please [ ] the baby's hand when crossing the street.,holds,holding,held,hold,hold,命令文の冒頭（Pleaseの後ろ）には動詞の原型がきます。,hold,持つ
The manager [ ] a meeting to discuss the new project yesterday.,holds,held,holding,holded,held,文末に「yesterday（昨日）」という過去の言葉があります。,hold,持つ
The event has been [ ] in this hall every year since 2010.,holds,holding,held,holded,held,受動態「have been + 過去分詞」の形を作ります。,hold,持つ
You must [ ] your room clean and tidy.,keeps,keeping,kept,keep,keep,助動詞「must」の後ろには動詞の原型がきます。,keep,保つ
He [ ] his promise to help me with my homework yesterday.,keeps,kept,keeping,keeped,kept,文末に「yesterday（昨日）」という過去の言葉があります。,keep,保つ
The secret has been [ ] for more than fifty years.,keeps,keeping,kept,keeped,kept,受動態「have been + 過去分詞」の形を作ります。,keep,保つ
What time do you usually [ ] home in the morning?,leaves,leaving,left,leave,leave,疑問文「do you + 動詞の原型」の形を作ります。,leave,去る
The train [ ] the station exactly ten minutes ago.,leaves,left,leaving,leaved,left,文末に「ten minutes ago（10分前）」という過去の言葉があります。,leave,去る
She has already [ ] the office to catch her flight.,leaves,leaving,left,leaved,left,現在完了形「has + 過去分詞」の形を作ります。,leave,去る
A good captain should [ ] the team to victory.,leads,leading,led,lead,lead,助動詞「should」の後ろには動詞の原型がきます。,lead,導く
The guide [ ] the tourists through the old city yesterday.,leads,led,leading,leaded,led,文末に「yesterday（昨日）」という過去の言葉があります。,lead,導く
His hard work has [ ] him to a great success.,leads,leading,led,leaded,led,現在完了形「has + 過去分詞」の形を作ります。,lead,導く
Could you [ ] me your umbrella until tomorrow?,lends,lending,lent,lend,lend,助動詞「Could」の後ろには動詞の原型がきます。,lend,貸す
He [ ] his favorite book to his classmate last week.,lends,lent,lending,lended,lent,文末に「last week（先週）」という過去の言葉があります。,lend,貸す
The money was [ ] to the company by a local bank.,lends,lending,lent,lended,lent,受動態「was + 過去分詞」の形を作ります。,lend,貸す
I don't want to [ ] my keys again.,loses,losing,lost,lose,lose,不定詞「to」の後ろには動詞の原型がきます。,lose,失う
She [ ] her favorite watch at the park yesterday.,loses,lost,losing,losed,lost,文末に「yesterday（昨日）」という過去の言葉があります。,lose,失う
I have [ ] my passport and cannot find it anywhere.,loses,losing,lost,losed,lost,現在完了形「have + 過去分詞」の形を作ります。,lose,失う
They plan to [ ] a beautiful garden in the yard.,makes,making,made,make,make,不定詞「to」の後ろには動詞の原型がきます。,make,作る
My mother [ ] a delicious chocolate cake last Sunday.,makes,made,making,maked,made,文末に「last Sunday（先週の日曜日）」という過去の言葉があります。,make,作る
This computer was [ ] in Japan five years ago.,makes,making,made,maked,made,受動態「was + 過去分詞」の形を作ります。,make,作る
What does this strange symbol [ ]?,means,meaning,meant,mean,mean,疑問文「does + 主語 + 動詞の原型」の形を作ります。,mean,意味する
I'm sorry, I [ ] to say something completely different yesterday.,means,meant,meaning,meaned,meant,文末に「yesterday（昨日）」という過去の言葉があります。,mean,意味する
The word has always [ ] something special to our family.,means,meaning,meant,meaned,meant,現在完了形「has + 過去分詞」の形を作ります。,mean,意味する
We are going to [ ] the new teacher tomorrow morning.,meets,meeting,met,meet,meet,「be going to + 動詞の原型」の形を作ります。,meet,会う
I [ ] an old friend at the station yesterday afternoon.,meets,met,meeting,meeted,met,文末に「yesterday afternoon（昨日の午後）」という過去の言葉があります。,meet,会う
Have you ever [ ] a famous person before?,meets,meeting,met,meeted,met,現在完了形「Have you + 過去分詞」の形を作ります。,meet,会う
You must [ ] the fee before the end of this month.,pays,paying,paid,pay,pay,助動詞「must」の後ろには動詞の原型がきます。,pay,払う
He [ ] cash for his new bicycle yesterday morning.,pays,paid,paying,payed,paid,文末に「yesterday morning（昨日の朝）」という過去の言葉があります。,pay,払う
The electricity bill has already been [ ] by my father.,pays,paying,paid,payed,paid,受動態「have been + 過去分詞」の形を作ります。,pay,払う
You should [ ] this English textbook every day.,reads,reading,read,readed,read,助動詞「should」の後ろには動詞の原型がきます。,read,読む
She [ ] an interesting article in the newspaper yesterday.,reads,read,reading,readed,read,文末に「yesterday（昨日）」という過去の言葉があります。（※発音はレッド）,read,読む
I have already [ ] all the books on this shelf.,reads,reading,read,readed,read,現在完了形「have + 過去分詞」の形を作ります。（※発音はレッド）,read,読む
It is important to [ ] "thank you" to everyone.,says,saying,said,say,say,不定詞「to」の後ろには動詞の原型がきます。,say,言う
Our teacher [ ] something very important during the class yesterday.,says,said,saying,sayed,said,文末に「yesterday（昨日）」という過去の言葉があります。,say,言う
Nothing has been [ ] about the project since last week.,says,saying,said,sayed,said,受動態「have been + 過去分詞」の形を作ります。,say,言う
We want to [ ] our old car to buy a new one.,sells,selling,sold,sell,sell,不定詞「to」の後ろには動詞の原型がきます。,sell,売る
The baker [ ] all of his bread before noon yesterday.,sells,sold,selling,selled,sold,文末に「yesterday（昨日）」という過去の言葉があります。,sell,売る
The tickets for the concert have been completely [ ] out.,sells,selling,sold,selled,sold,受動態「have been + 過去分詞」の形を作ります。,sell,売る
Please remember to [ ] an email to the client tomorrow.,sends,sending,sent,send,send,命令文の冒頭（Pleaseの後ろ）には動詞の原型がきます。,send,送る
My uncle [ ] me a wonderful birthday present last week.,sends,sent,sending,sended,sent,文末に「last week（先週）」という過去の言葉があります。,send,送る
The package has been [ ] to the wrong address.,sends,sending,sent,sended,sent,受動態「have been + 過去分詞`」の形を作ります。,send,送る
The moon will [ ] brightly in the sky tonight.,shines,shining,shone,shine,shine,助動詞「will」の後ろには動詞の原型がきます。,shine,輝く
The sun [ ] all day long during our trip yesterday.,shines,shone,shining,shined,shone,文末に「yesterday（昨日）」という過去の言葉があります。,shine,輝く
A bright light was [ ] directly into the dark room.,shines,shining,shone,shined,shone,過去進行形または受動表現の「過去分詞」として使われます。,shine,輝く
You can [ ] on this comfortable sofa while waiting.,sits,sitting,sat,sit,sit,助動詞「can」の後ろには動詞の原型がきます。,sit,座る
The old man [ ] on the bench for two hours yesterday.,sits,sat,sitting,sitted,sat,文末に「yesterday（昨日）」という過去の言葉があります。,sit,座る
He has [ ] in that chair since this morning.,sits,sitting,sat,sitted,sat,現在完了形「has + 過去分詞」の形を作ります。,sit,座る
Children need to [ ] at least eight hours a night.,sleeps,sleeping,slept,sleep,sleep,不定詞「to」の後ろには動詞の原型がきます。,sleep,眠る
I was so tired that I [ ] for ten hours last night.,sleeps,slept,sleeping,sleeped,slept,文末に「last night（昨夜）」という過去の言葉があります。,sleep,眠る
The baby has [ ] peacefully in the crib all afternoon.,sleeps,sleeping,slept,sleeped,slept,現在完了形「has + 過去分詞」の形を作ります。,sleep,眠る
How much money do you want to [ ] on clothes?,spends,spending,spent,spend,spend,不定詞「to」の後ろには動詞の原型がきます。,spend,過ごす
We [ ] our summer vacation at the beach last year.,spends,spent,spending,spended,spent,文末に「last year（昨年）」という過去の言葉があります。,spend,過ごす
A lot of time has been [ ] on this difficult project.,spends,spending,spent,spended,spent,受動態「have been + 過去分詞」の形を作ります。,spend,過ごす
You should not [ ] near the dangerous entrance.,stands,standing,stood,stand,stand,助動詞「should」の後ろには動詞の原型がきます。,stand,立つ
Everyone [ ] up when the principal entered the room yesterday.,stands,stood,standing,standed,stood,文末に「yesterday（昨日）」という過去の言葉があります。,stand,立つ
The old castle has [ ] on top of the hill for centuries.,stands,standing,stood,standed,stood,現在完了形「has + 過去分詞」の形を作ります。,stand,立つ
He loves to [ ] English to university students.,teaches,teaching,taught,teach,teach,不定詞「to」の後ろには動詞の原型がきます。,teach,教える
My grandfather [ ] me how to ride a bicycle ten years ago.,teaches,taught,teaching,teached,taught,文末に「ten years ago（10年前）」という過去の言葉があります。,teach,教える
She has [ ] mathematics at this high school since 2015.,teaches,teaching,taught,teached,taught,現在完了形「has + 過去分詞」の形を作ります。,teach,教える
Can you [ ] me the way to the nearest station?,tells,telling,told,tell,tell,助動詞「Can」の後ろには動詞の原型がきます。,tell,話す
She [ ] me a very interesting secret last night.,tells,told,telling,telled,told,文末に「last night（昨夜）」という過去の言葉があります。,tell,話す
I have already [ ] him the truth about the accident.,tells,telling,told,telled,told,現在完了形「have + 過去分詞」の形を作ります。,tell,話す
I need some time to [ ] about your new proposal.,thinks,thinking,thought,think,think,不定詞「to」の後ろには動詞の原型がきます。,think,思う
At first, I [ ] that the answer was correct yesterday.,thinks,thought,thinking,thinked,thought,文末に「yesterday（昨日）」という過去の言葉があります。,think,思う
The plan was thoroughly [ ] through by the committee.,thinks,thinking,thought,thinked,thought,受動態「was + 過去分詞」の形を作ります。,think,思う
It is necessary to [ ] the cultural background of others.,understands,understanding,understood,understand,understand,不定詞「to」の後ろには動詞の原型がきます。,understand,理解する
I finally [ ] the difficult math problem yesterday afternoon.,understands,understood,understanding,understanded,understood,文末に「yesterday afternoon（昨日の午後）」という過去の言葉があります。,understand,理解する
His explanation was clearly [ ] by all the students.,understands,understanding,understood,understanded,understood,受動態「was + 過去分詞」の形を作ります。,understand,理解する
Our team will do our best to [ ] the game tomorrow.,wins,winning,won,win,win,不定詞「to」の後ろには動詞の原型がきます。,win,勝つ
They [ ] the championship match after a long fight yesterday.,wins,won,winning,winned,won,文末に「yesterday（昨日）」という過去の言葉があります。,win,勝つ
She has [ ] the first prize in the speech contest twice.,wins,winning,won,winned,won,現在完了形「has + 過去分詞」の形を作ります。,win,勝つ
I want to [ ] a good doctor in the future.,am,was,been,be,be,不定詞「to」の後ろには動詞の原型（be）がきます。,be/am/is,～である
He [ ] very busy with his homework yesterday morning.,am,was,been,be,was,主語が単数（He）で、文末に「yesterday morning（昨日の朝）」があります。,be/am/is,～である
She has [ ] to Paris twice on business.,am,was,been,be,been,現在完了形「has + 過去分詞」の形を作ります。,be/am/is,～である
They want to [ ] kind to everyone they meet.,are,were,been,be,be,不定詞「to」の後ろには動詞の原型（be）がきます。,be/are,～である
We [ ] at the library at this time yesterday.,are,were,been,be,were,主語が複数（We）で、文の中に「yesterday（昨日）」があります。,be/are,～である
They have [ ] friends since they were children.,are,were,been,be,been,現在完了形「have + 過去分詞」の形を作ります。,be/are,～である
The concert will [ ] at seven o'clock tonight.,begins,began,begun,begin,begin,助動詞「will」の後ろには動詞の原型がきます。,begin,始める
The baby suddenly [ ] to cry a few minutes ago.,begins,began,begun,begin,began,文末に「a few minutes ago（数分前）」という過去の言葉があります。,begin,始める
The movie has already [ ], so please be quiet.,begins,began,begun,begin,begun,現在完了形「has + 過去分詞」の形を作ります。,begin,始める
Be careful not to [ ] the fragile glass cup.,breaks,broke,broken,break,break,不定詞「to」の後ろには動詞の原型がきます。,break,こわす
He [ ] his favorite pencil during the test yesterday.,breaks,broke,broken,break,broke,文末に「yesterday（昨日）」という過去の言葉があります。,break,こわす
The window was [ ] by the soccer ball this morning.,breaks,broke,broken,break,broken,受動態「was + 過去分詞」の形を作ります。,break,こわす
You must [ ] the best option for your career.,chooses,chose,chosen,choose,choose,助動詞「must」の後ろには動詞の原型がきます。,choose,選ぶ
She [ ] a beautiful red dress for the party yesterday.,chooses,chose,chosen,choose,chose,文末に「yesterday（昨日）」という過去の言葉があります。,choose,選ぶ
A new leader has been [ ] by the committee members.,chooses,chose,chosen,choose,chosen,受動態「have been + 過去分詞」の形を作ります。,choose,選ぶ
What do you want to [ ] this weekend?,does,did,done,do,do,不定詞「to」の後ろには動詞の原型がきます。,do/does,する
He [ ] his homework before eating dinner yesterday evening.,does,did,done,do,did,文末に「yesterday evening（昨日の夕方）」という過去の言葉があります。,do/does,する
I have already [ ] all my laundry for today.,does,did,done,do,done,現在完了形「have + 過去分詞」の形を作ります。,do/does,する
I like to [ ] pictures of beautiful landscapes.,draws,drew,drawn,draw,draw,不定詞「to」の後ろには動詞の原型がきます。,draw,描く
The artist [ ] a wonderful portrait of the old man yesterday.,draws,drew,drawn,draw,drew,文末に「yesterday（昨日）」という過去の言葉があります。,draw,描く
This beautiful map was [ ] by a famous researcher long ago.,draws,drew,drawn,draw,drawn,受動態「was + 過去分詞」の形を作ります。,draw,描く
You should [ ] plenty of water on hot days.,drinks,drank,drunk,drink,drink,助動詞「should」の後ろには動詞の原型がきます。,drink,飲む
We [ ] some delicious coffee at the cafe yesterday afternoon.,drinks,drank,drunk,drink,drank,文末に「yesterday afternoon（昨日の午後）」という過去の言葉があります。,drink,飲む
He has [ ] three glasses of milk since this morning.,drinks,drank,drunk,drink,drunk,現在完了形「has + 過去分詞」の形を作ります。,drink,飲む
My elder brother will [ ] us to the airport tomorrow.,drives,drove,driven,drive,drive,助動詞「will」の後ろには動詞の原型がきます。,drive,運転する
My father [ ] a long distance to visit us last weekend.,drives,drove,driven,drive,drove,文末に「last weekend（先週末）」という過去の言葉があります。,drive,運転する
She has [ ] that red car for more than ten years.,drives,drove,driven,drive,driven,現在完了形「has + 過去分詞」の形を作ります。,drive,運転する
Children need to [ ] a healthy breakfast every morning.,eats,ate,eaten,eat,eat,不定詞「to」の後ろには動詞の原型がきます。,eat,食べる
We [ ] at a famous Italian restaurant last night.,eats,ate,eaten,eat,ate,文末に「last night（昨夜）」という過去の言葉があります。,eat,食べる
The delicious chocolate cake has been completely [ ] by them.,eats,ate,eaten,eat,eaten,受動態「have been + 過去分詞」の形を作ります。,eat,食べる
Heavy snow can cause old trees to [ ] down.,falls,fell,fallen,fall,fall,不定詞「to」の後ろには動詞の原型がきます。,fall,落ちる
A beautiful shooting star [ ] across the night sky yesterday.,falls,fell,fallen,fall,fell,文末に「yesterday（昨日）」という過去の言葉があります。,fall,落ちる
The temperature has [ ] significantly since last night.,falls,fell,fallen,fall,fallen,現在完了形「has + 過去分詞」の形を作ります。,fall,落ちる
Birds can [ ] high up in the sky easily.,flys,flew,flown,fly,fly,助動詞「can」の後ろには動詞の原型がきます。,fly,飛ぶ
We [ ] from Tokyo to London for our vacation last month.,flys,flew,flown,fly,flew,文末に「last month（先月）」という過去の言葉があります。,fly,飛ぶ
The small airplane has [ ] over the mountains many times.,flys,flew,flown,fly,flown,現在完了形「has + 過去分詞」の形を作ります。,fly,飛ぶ
Please try not to [ ] your umbrella on the train.,forgets,forgot,forgotten,forget,forget,不定詞「to」の後ろには動詞の原型がきます。,forget,忘れる
I totally [ ] to lock the front door this morning.,forgets,forgot,forgotten,forget,forgot,文末に「this morning（今朝）」という過去の言葉があります。,forget,忘れる
The old promise has been completely [ ] by everyone.,forgets,forgot,forgotten,forget,forgotten,受動態「have been + 過去分詞」の形を作ります。,forget,忘れる
Can you [ ] me some advice on this matter?,gives,gave,given,give,give,助動詞「Can」の後ろには動詞の原型がきます。,give,与える
My grandmother [ ] me this beautiful watch for my birthday last year.,gives,gave,given,give,gave,文末に「last year（昨年）」という過去の言葉があります。,give,与える
A lot of opportunities have been [ ] to the young students.,gives,gave,given,give,given,受動態「have been + 過去分詞」の形を作ります。,give,与える
We plan to [ ] to the museum next Saturday.,goes,went,gone,go,go,不定詞「to」の後ろには動詞の原型がきます。,go,行く
He [ ] to the supermarket to buy some fruits yesterday morning.,goes,went,gone,go,went,文末に「yesterday morning（昨日の朝）」という過去の言葉があります。,go,行く
She has already [ ] home to cook dinner for her family.,goes,went,gone,go,gone,現在完了形「has + 過去分詞」の形を作ります。,go,行く
Farmers want to [ ] organic vegetables in this field.,grows,grew,grown,grow,grow,不定詞「to」の後ろには動詞の原型がきます。,grow,成長する
The small plants [ ] rapidly during the rainy season last month.,grows,grew,grown,grow,grew,文末に「last month（先月）」という過去の言葉があります。,grow,成長する
The town has [ ] into a big city over the past twenty years.,grows,grew,grown,grow,grown,現在完了形「has + 過去分詞」の形を作ります。,grow,成長する
It is important to [ ] your own strengths and weaknesses.,knows,knew,known,know,know,不定詞「to」の後ろには動詞の原型がきます。,know,長っている
I [ ] the answer to that difficult question yesterday afternoon.,knows,knew,known,know,knew,文末に「yesterday afternoon（昨日の午後）」という過去の言葉があります。,know,長っている
He has been [ ] as a great doctor for a long time.,knows,knew,known,know,known,受動態「has been + 過去分詞」の形を作ります。,know,長っている
I want to [ ] a bicycle around the beautiful lake.,rides,rode,ridden,ride,ride,不定詞「to」の後ろには動詞の原型がきます。,ride,乗る
She [ ] a horse for the first time during her trip last week.,rides,rode,ridden,ride,rode,文末に「last week（先週）」という過去の言葉があります。,ride,乗る
He has [ ] the subway to school every day since last year.,rides,rode,ridden,ride,ridden,現在完了形「has + 過去分詞」の形を作ります。,ride,乗る
The church bell will [ ] at midnight on New Year's Eve.,rings,rang,rung,ring,ring,助動詞「will」の後ろには動詞の原型がきます。,ring,鳴る
The telephone [ ] loudly while I was taking a bath last night.,rings,rang,rung,ring,rang,文末に「last night（昨夜）」という過去の言葉があります。,ring,鳴る
The bell has already [ ] three times for the next class.,rings,rang,rung,ring,rung,現在完了形「has + 過去分詞」の形を作ります。,ring,鳴る
The sun will [ ] at six o'clock tomorrow morning.,rises,rose,risen,rise,rise,助動詞「will」の後ろには動詞の原型がきます。,rise,昇る
The prices of vegetables [ ] sharply due to the bad weather last month.,rises,rose,risen,rise,rose,文末に「last month（先月）」という過去の言葉があります。,rise,昇る
The river water has [ ] significantly because of the heavy rain.,rises,rose,risen,rise,risen,現在完了形「has + 過去分詞」の形を作ります。,rise,昇る
I want to [ ] the beautiful sunset at the beach.,sees,saw,seen,see,see,不定詞「to」の後ろには動詞の原型がきます。,see,見る
We [ ] a wonderful movie at the theater yesterday evening.,sees,saw,seen,see,saw,文末に「yesterday evening（昨日の夕方）」という過去の言葉があります。,see,見る
Have you ever [ ] a wild bear in the mountains before?,sees,saw,seen,see,seen,現在完了形「Have you + 過去分詞」の形を作ります。,see,見る
Please [ ] me your identification card at the entrance.,shows,showed,shown,show,show,命令文の冒頭（Pleaseの後ろ）には動詞の原型がきます。,show,示す
The teacher [ ] us an interesting video during the class yesterday.,shows,showed,shown,show,showed,文末に「yesterday（昨日）」という過去の言葉があります。,show,示す
The results of the test have been [ ] on the bulletin board.,shows,showed,shown,show,shown,受動態「have been + 過去分詞」の形を作ります。,show,示す
She loves to [ ] beautiful songs in front of everyone.,sings,sang,sung,sing,sing,不定詞「to」の後ろには動詞の原型がきます。,sing,歌う
The children [ ] a happy song together at the party last night.,sings,sang,sung,sing,sang,文末に「last night（昨夜）」という過去の言葉があります。,sing,歌う
Our school anthem has been [ ] by students for fifty years.,sings,sang,sung,sing,sung,受動態「have been + 過去分詞」の形を作ります。,sing,歌う
A heavy rock will [ ] to the bottom of the river quickly.,sinks,sank,sunk,sink,sink,助動詞「will」の後ろには動詞の原型がきます。,sink,沈む
The pirate ship [ ] into the deep ocean a long time ago.,sinks,sank,sunk,sink,sank,文末に「a long time ago（ずっと昔）」という過去の言葉があります。,sink,沈む
The sun has already [ ] below the horizon,  so it is dark.,sinks,sank,sunk,sink,sunk,現在完了形「has + 過去分詞」の形を作ります。,sink,沈む
You should [ ] English as much as possible every day.,speaks,spoke,spoken,speak,speak,助動詞「should」の後ろには動詞の原型がきます。,speak,話す
He [ ] to the manager about the new schedule yesterday morning.,speaks,spoke,spoken,speak,spoke,文末に「yesterday morning（昨日の朝）」という過去の言葉があります。,speak,話す
French is [ ] by millions of people around the world.,speaks,spoke,spoken,speak,spoken,受動態「is + 過去分詞」の形を作ります。,speak,話す
Children need to learn how to [ ] at a young age.,swims,swam,swum,swim,swim,不定詞「to」の後ろには動詞の原型がきます。,swim,泳ぐ
We [ ] across the pool many times yesterday afternoon.,swims,swam,swum,swim,swam,文末に「yesterday afternoon（昨日の午後）」という過去の言葉があります。,swim,泳ぐ
She has [ ] in the ocean three times since last summer.,swims,swam,swum,swim,swum,現在完了形「has + 過去分詞」の形を作ります。,swim,泳ぐ
Don't forget to [ ] your medicine after dinner.,takes,took,taken,take,take,不定詞「to」の後ろには動詞の原型がきます。,take,取る
My father [ ] a lot of beautiful pictures during our trip last week.,takes,took,taken,take,took,文末に「last week（先週）」という過去の言葉があります。,take,取る
The final decision has been [ ] by the company president.,takes,took,taken,take,taken,受動態「have been + 過去分詞」の形を作ります。,take,取る
It is dangerous to [ ] a stone near the windows.,throws,threw,thrown,throw,throw,不定詞「to」の後ろには動詞の原型がきます。,throw,投げる
The pitcher [ ] a very fast ball in the game yesterday.,throws,threw,thrown,throw,threw,文末に「yesterday（昨日）」という過去の言葉があります。,throw,投げる
A lot of plastic garbage was [ ] away into the river last night.,throws,threw,thrown,throw,thrown,受動態「was + 過去分詞」の形を作ります。,throw,投げる
You must [ ] up early to catch the first train tomorrow.,wakes,woke,woken,wake,wake,助動詞「must」の後ろには動詞の原型がきます。,wake,目が覚める
I [ ] up at five o'clock by accident yesterday morning.,wakes,woke,woken,wake,woke,文末に「yesterday morning（昨日の朝）」という過去の言葉があります。,wake,目が覚める
The baby has just [ ] up from his afternoon nap.,wakes,woke,woken,wake,woken,現在完了形「has + 過去分詞」の形を作ります。,wake,目が覚める
You should [ ] a warm coat because it is very cold today.,wears,wore,worn,wear,wear,助動詞「should」の後ろには動詞の原型がきます。,wear,着ている
She [ ] a beautiful black dress to the party last Friday.,wears,wore,worn,wear,wore,文末に「last Friday（先週の金曜日）」という過去の言葉があります。,wear,着ている
These leather shoes have been [ ] by him for five years.,wears,wore,worn,wear,worn,受動態「have been + 過去分詞」の形を作ります。,wear,着ている
Please [ ] your name and address on this paper.,writes,wrote,written,write,write,命令文の冒頭（Pleaseの後ろ）には動詞の原型がきます。,write,書く
He [ ] a long letter to his parents yesterday evening.,writes,wrote,written,write,wrote,文末に「yesterday evening（昨日の夕方）」という過去の言葉があります。,write,書く
This famous novel was [ ] by a young author in 1950.,writes,wrote,written,write,written,受動態「was + 過去分詞」の形を作ります。,write,書く